55a5f2ff5e0d51bd787b6bda	FreeCodeCamp/Athens	2016-09-17T11:04:12.879Z	540a150e163965c9bc202eaf	abhisekp	57dd232c33c63ba01a0d2b75	"-----

-----

-----
## This room will be closed and archived.
** @/all Please move discussion of this topic to our forum, or to one of the official Free Code Camp chat rooms: http://forum.freecodecamp.com/t/free-code-camp-official-chat-rooms/19390**

-----

-----

-----"
55a5f2ff5e0d51bd787b6bda	FreeCodeCamp/Athens	2016-03-02T20:14:54.270Z	55f4516a0fc9f982beb07b71	NPKonstan	56d749be048f9e65291b8292	Καλησπέρα σε όλους, τώρα μαζευόμαστε στο Facebook  στην ομάδα https://www.facebook.com/groups/free.code.camp.athens.greece/
55a5f2ff5e0d51bd787b6bda	FreeCodeCamp/Athens	2016-02-08T20:38:25.769Z	55be4f500fc9f982beabdfa6	nickpapoutsis	56b8fcc15e0e1860110b2786	hi john!
55a5f2ff5e0d51bd787b6bda	FreeCodeCamp/Athens	2016-02-08T18:20:49.090Z	56b87f85e610378809c065fd	johnpallis1990	56b8dc819f5549965ee1c612	geia sas
55a5f2ff5e0d51bd787b6bda	FreeCodeCamp/Athens	2015-10-06T21:39:53.453Z	546fc9f1db8155e6700d6e8c	QuincyLarson	56143fa99a2cfa1347ac6602	"##Please note that we now recommend campers use their Campsite’s Facebook group for chatting instead of their campsite’s Gitter chatroom. 
We are doing this because few of our Campsite Gitter chatroooms have active synchronous discussions, and about 1/3rd of conversations consist of someone saying “hello” and not getting a response. Most of the discussions are asynchronous, which Facebook posts and group messages are better suited for.
We’ve removed this Gitter room from our Campsite directory. Still, we will keep it open for archival purposes, and you can keep using it if you’d like.
Here’s a short blog post about how our Campsites are evolving and growing: http://blog.freecodecamp.com/2015/09/jump-start-your-local-campsite-with-coffee-and-code.html"
55a5f2ff5e0d51bd787b6bda	FreeCodeCamp/Athens	2015-10-06T20:22:51.636Z	55c65c8d0fc9f982beacb49a	airyz	56142d9b261e77ba2dbb02c8	thank you*
55a5f2ff5e0d51bd787b6bda	FreeCodeCamp/Athens	2015-10-06T20:22:42.404Z	55c65c8d0fc9f982beacb49a	airyz	56142d9276d984a35875871d	@antapos wraia ta links, thank tiy
55a5f2ff5e0d51bd787b6bda	FreeCodeCamp/Athens	2015-10-06T18:04:48.606Z	55e564f80fc9f982beaf430f	antapos	56140d40261e77ba2dbafbbe	"@NPKonstan πρέπει να μελετάμε και το wiki με όλα τα resources που παραπέμπει. Για παράδειγμα:  

https://github.com/FreeCodeCamp/FreeCodeCamp/wiki/What-you-will-learn,-and-in-what-sequence-you-will-learn-it

https://github.com/FreeCodeCamp/FreeCodeCamp/wiki/Map
"
55a5f2ff5e0d51bd787b6bda	FreeCodeCamp/Athens	2015-10-05T22:54:52.346Z	55f4516a0fc9f982beb07b71	NPKonstan	5612ffbc7e53d02c09d004a0	 Θα συνεχίσω και βλέπω.Να είσαι καλά @airyz   
55a5f2ff5e0d51bd787b6bda	FreeCodeCamp/Athens	2015-10-05T19:02:12.608Z	55c65c8d0fc9f982beacb49a	airyz	5612c93476d984a35875519b	@NPKonstan  isxyei alla sou dinei tis vaseis gia na psaxteis kai monos sou.  Otan tha kaneis ta project parakatw tha deis oti tha xreiastei na diavaseis perissotero.
55a5f2ff5e0d51bd787b6bda	FreeCodeCamp/Athens	2015-10-05T14:42:19.971Z	55f4516a0fc9f982beb07b71	NPKonstan	56128c4b0b9059c80b7a6574	Καλησπέρα σε όλο τον κόσμο.Λίγο επιπόλαια δεν ξεπερνάμε  τα διάφορα Bootstrap,jQery κτλ,είναι δυνατόν να μάθεις έτσι;
55a5f2ff5e0d51bd787b6bda	FreeCodeCamp/Athens	2015-09-19T22:59:18.865Z	55f434e80fc9f982beb077d9	YolandaKok	55fde8c6463feefb419d605b	Hello :)
55a5f2ff5e0d51bd787b6bda	FreeCodeCamp/Athens	2015-09-16T15:08:07.609Z	55bb44600fc9f982beaba6c1	sofivsofi	55f985d7c588a0de6edecbb2	Hello @nancymark , hello @NPKonstan !
55a5f2ff5e0d51bd787b6bda	FreeCodeCamp/Athens	2015-09-12T17:19:01.647Z	55f4516a0fc9f982beb07b71	NPKonstan	55f45e85993e3fe027455a2d	Καλησπέρα.Καλώς σας βρήκα!
55a5f2ff5e0d51bd787b6bda	FreeCodeCamp/Athens	2015-09-12T16:38:17.391Z	55f4530a0fc9f982beb07ba4	nancymark	55f454f9e34ec0336dfb1424	kalispera!!! Just entered, kalws sas vrika!!!
55a5f2ff5e0d51bd787b6bda	FreeCodeCamp/Athens	2015-09-11T10:40:40.652Z	55e877200fc9f982beaf8e0e	bafaloukasa	55f2afa84624296d78aebf23	Solved  by searching Google for Bootstrap ( http://getbootstrap.com/getting-started/ )
55a5f2ff5e0d51bd787b6bda	FreeCodeCamp/Athens	2015-09-11T10:08:39.723Z	55e877200fc9f982beaf8e0e	bafaloukasa	55f2a8276fe7b2a123eaec4d	"Καλησπέρα ! Έχει δοκιμάσει κάποιος τις ασκήσεις  του Bootstrap ( Responsive design with Bootstrap ) ΚΑΙ τοπικά στο υπολογιστή του ? Σε μένα δεν δουλεύουν όπως τα εμφανίζει ( και τα αποδέχεται σαν σωστά ) στα Waypoints ( στο δεξί μέρος της οθόνης που κάνει την εξομοίωση ) . Π.χ τα Buttons  με class ""btn-block"" σε τοπική δοκιμή ( δηλαδή άνοιγμα του .html με οποιονδήποτε browser) τα  buttons παραμένουν μικρά . Καμμιά ιδέα ?"
55a5f2ff5e0d51bd787b6bda	FreeCodeCamp/Athens	2015-09-11T08:41:12.657Z	55f290bd0fc9f982beb05aef	philipbakkas	55f293a82dc7775178dd4e5b	Kalimera se olous.
55a5f2ff5e0d51bd787b6bda	FreeCodeCamp/Athens	2015-09-10T18:29:13.121Z	55c65c8d0fc9f982beacb49a	airyz	55f1cbf94b090e3d0be42729	Kalispera! mas valane neo section
55a5f2ff5e0d51bd787b6bda	FreeCodeCamp/Athens	2015-09-08T16:43:23.533Z	55bb44600fc9f982beaba6c1	sofivsofi	55ef102bf86e90e11d5dabc5	*paidia
55a5f2ff5e0d51bd787b6bda	FreeCodeCamp/Athens	2015-09-08T16:43:18.048Z	55bb44600fc9f982beaba6c1	sofivsofi	55ef10269b79c3515319af27	padia me auto to link grafeste sto code school me ennia evro gia ton prwto mina
55a5f2ff5e0d51bd787b6bda	FreeCodeCamp/Athens	2015-09-08T16:42:54.697Z	55bb44600fc9f982beaba6c1	sofivsofi	55ef100eb69ff6ab0ec53f77	https://www.codeschool.com/enrollments/dC90a2Q1T1FTRFpHWmpuMFJHYnIwWURxeWg3WE0wY0dsb1FtZnh5U3pUUT0tLWhDN2ttVS9ZOEFBVk8yRHpRYlFrbHc9PQ==
55a5f2ff5e0d51bd787b6bda	FreeCodeCamp/Athens	2015-09-07T12:17:49.826Z	55ed61370fc9f982beafe368	nikosvlahos	55ed806d3e5d20dc06552b54	γεια σας κυρίες και κύριοι :)
55a5f2ff5e0d51bd787b6bda	FreeCodeCamp/Athens	2015-09-07T11:48:21.786Z	55ec1ab80fc9f982beafce3c	voulafle	55ed79852e48d88a543dcd7e	kalws sas vrhka paidia :D
55a5f2ff5e0d51bd787b6bda	FreeCodeCamp/Athens	2015-09-07T06:55:55.115Z	55bb44600fc9f982beaba6c1	sofivsofi	55ed34fbd92b7f6f11d41351	kalimera se olous!
55a5f2ff5e0d51bd787b6bda	FreeCodeCamp/Athens	2015-09-06T19:48:29.472Z	55c65c8d0fc9f982beacb49a	airyz	55ec988d0b6aa72b12fff9d5	Kalosorisate ola ta kainouria paidia :) 
55a5f2ff5e0d51bd787b6bda	FreeCodeCamp/Athens	2015-09-06T13:10:26.108Z	55e4b8da0fc9f982beaf368b	gts00k	55ec3b420b6aa72b12fff1f0	@voulafle hey man
55a5f2ff5e0d51bd787b6bda	FreeCodeCamp/Athens	2015-09-06T11:06:56.821Z	55ec1ab80fc9f982beafce3c	voulafle	55ec1e500b6aa72b12fff022	kalispera paidia new here !!
55a5f2ff5e0d51bd787b6bda	FreeCodeCamp/Athens	2015-09-05T15:50:48.414Z	55e4b8da0fc9f982beaf368b	gts00k	55eb0f582e48d88a543d9cce	lol
55a5f2ff5e0d51bd787b6bda	FreeCodeCamp/Athens	2015-09-04T19:07:13.772Z	550c94d115522ed4b3dd9349	DemetriG	55e9ebe12e48d88a543d8545	einai kaneis online?
55a5f2ff5e0d51bd787b6bda	FreeCodeCamp/Athens	2015-09-04T07:07:26.313Z	55bb44600fc9f982beaba6c1	sofivsofi	55e9432e17b2081605a5ae3d	καλησπέρα @bafaloukasa !
55a5f2ff5e0d51bd787b6bda	FreeCodeCamp/Athens	2015-09-03T16:53:33.984Z	550c94d115522ed4b3dd9349	DemetriG	55e87b0dfaa620f25267ea9b	kalispera :D
55a5f2ff5e0d51bd787b6bda	FreeCodeCamp/Athens	2015-09-03T16:52:49.464Z	55e877200fc9f982beaf8e0e	bafaloukasa	55e87ae1faa620f25267ea96	Καλησπἐρα !
55a5f2ff5e0d51bd787b6bda	FreeCodeCamp/Athens	2015-09-03T08:21:01.012Z	55e564f80fc9f982beaf430f	antapos	55e802eda75db4b375c3cc0a	Καλωσόρισες @jbarska 
55a5f2ff5e0d51bd787b6bda	FreeCodeCamp/Athens	2015-09-03T07:24:41.313Z	55bb44600fc9f982beaba6c1	sofivsofi	55e7f5b917b2081605a57aef	καλωσορισες @jbarska !!!
55a5f2ff5e0d51bd787b6bda	FreeCodeCamp/Athens	2015-09-02T16:59:13.030Z	55d9e6ff0fc9f982beae5486	jbarska	55e72ae1d231aa8e5918ca44	Μολις μπηκα στο free code camp
55a5f2ff5e0d51bd787b6bda	FreeCodeCamp/Athens	2015-09-02T16:58:54.874Z	55d9e6ff0fc9f982beae5486	jbarska	55e72aced231aa8e5918ca3d	Καλησπερα σε ολους!
55a5f2ff5e0d51bd787b6bda	FreeCodeCamp/Athens	2015-09-01T09:50:17.649Z	55e564f80fc9f982beaf430f	antapos	55e574d9b4f7751c343aa43e	Hi @sofivsofi !
55a5f2ff5e0d51bd787b6bda	FreeCodeCamp/Athens	2015-09-01T09:37:42.543Z	55bb44600fc9f982beaba6c1	sofivsofi	55e571e68a8b32aa29a348ca	@antapos  Hello!!
55a5f2ff5e0d51bd787b6bda	FreeCodeCamp/Athens	2015-09-01T09:37:17.307Z	55e564f80fc9f982beaf430f	antapos	55e571cdb4f7751c343aa3cc	Γειά σας
55a5f2ff5e0d51bd787b6bda	FreeCodeCamp/Athens	2015-09-01T08:04:59.341Z	55bb44600fc9f982beaba6c1	sofivsofi	55e55c2b8ca628307ecd3d50	@DemetriG  nai poli kalo kai to typ.io
55a5f2ff5e0d51bd787b6bda	FreeCodeCamp/Athens	2015-09-01T05:15:19.086Z	55b87ddb0fc9f982beab5be0	katsanosx	55e534678a8b32aa29a340e2	Επαναληψούλα.. No biggie..
55a5f2ff5e0d51bd787b6bda	FreeCodeCamp/Athens	2015-09-01T05:14:34.002Z	55b87ddb0fc9f982beab5be0	katsanosx	55e5343a8ca628307ecd38ec	Ναι ισχυει
55a5f2ff5e0d51bd787b6bda	FreeCodeCamp/Athens	2015-08-31T19:52:00.510Z	55c65c8d0fc9f982beacb49a	airyz	55e4b06056211cd86f86cd4e	an kai den mou pire trello xrono na ta xanakanw
55a5f2ff5e0d51bd787b6bda	FreeCodeCamp/Athens	2015-08-31T19:51:43.306Z	55c65c8d0fc9f982beacb49a	airyz	55e4b04f8ca628307ecd29d6	@katsanosx  exoun pei oti den einai ypoxreotika
55a5f2ff5e0d51bd787b6bda	FreeCodeCamp/Athens	2015-08-31T19:02:37.461Z	55b87ddb0fc9f982beab5be0	katsanosx	55e4a4cd8a8b32aa29a32ef3	πφφφ
55a5f2ff5e0d51bd787b6bda	FreeCodeCamp/Athens	2015-08-31T19:02:19.154Z	55b87ddb0fc9f982beab5be0	katsanosx	55e4a4bb8a8b32aa29a32eef	εγω πανω που ειχα τελειωσει τα jquery και τα javascript στο codeacademy εβαλαν τα δικα τους...
55a5f2ff5e0d51bd787b6bda	FreeCodeCamp/Athens	2015-08-31T19:01:40.178Z	55b87ddb0fc9f982beab5be0	katsanosx	55e4a4943d8fc2d12eaa8233	@airyz ωραιος!!
55a5f2ff5e0d51bd787b6bda	FreeCodeCamp/Athens	2015-08-31T19:01:20.700Z	55b87ddb0fc9f982beab5be0	katsanosx	55e4a4803d8fc2d12eaa822f	@pdampanis  hello!
55a5f2ff5e0d51bd787b6bda	FreeCodeCamp/Athens	2015-08-30T19:32:29.647Z	55e359080fc9f982beaf1735	pdampanis	55e35a4d56211cd86f86a339	hello world
55a5f2ff5e0d51bd787b6bda	FreeCodeCamp/Athens	2015-08-30T10:22:47.712Z	550c94d115522ed4b3dd9349	DemetriG	55e2d977fbbdfcbd3b5de8ef	auto einai ena akoma ena ergaleio gia na teriazeis fonts metaksi tous: http://typ.io/
55a5f2ff5e0d51bd787b6bda	FreeCodeCamp/Athens	2015-08-28T10:34:30.235Z	55c65c8d0fc9f982beacb49a	airyz	55e039361b9798c846ec8c55	@sofivsofi  thank you :+1: 
55a5f2ff5e0d51bd787b6bda	FreeCodeCamp/Athens	2015-08-28T09:47:07.095Z	55bb44600fc9f982beaba6c1	sofivsofi	55e02e1b33e556c746e3558f	me ekanes kai gelasa!!
55a5f2ff5e0d51bd787b6bda	FreeCodeCamp/Athens	2015-08-28T09:46:58.087Z	55bb44600fc9f982beaba6c1	sofivsofi	55e02e12ed5c1a937b95b9c5	teleio mpravo airyz!! you're on fire!!!
55a5f2ff5e0d51bd787b6bda	FreeCodeCamp/Athens	2015-08-28T09:46:36.512Z	55bb44600fc9f982beaba6c1	sofivsofi	55e02dfccbf802f022f0c67d	axaxaxax
55a5f2ff5e0d51bd787b6bda	FreeCodeCamp/Athens	2015-08-28T07:50:35.183Z	55c65c8d0fc9f982beacb49a	airyz	55e012cb33e556c746e351b3	etoimo kai to deftero zipline :) http://codepen.io/airyz/full/KdPvpK
55a5f2ff5e0d51bd787b6bda	FreeCodeCamp/Athens	2015-08-27T11:55:54.347Z	55c65c8d0fc9f982beacb49a	airyz	55defaca6ee0747649f078bc	wraia, den to ixera!
55a5f2ff5e0d51bd787b6bda	FreeCodeCamp/Athens	2015-08-27T10:01:09.641Z	55bb44600fc9f982beaba6c1	sofivsofi	55dedfe5a001749b2d957e94	sta google fonts https://www.google.com/fonts exei kai tairiasmata dld sou deixnei poia grammatoseira tairiazei me poia
55a5f2ff5e0d51bd787b6bda	FreeCodeCamp/Athens	2015-08-27T08:58:02.460Z	55c65c8d0fc9f982beacb49a	airyz	55ded11a68a150880e913031	Evxaristo @sofivsofi .  Sto about exw skopo na allaxw grammatoseira, apla den mou arese i default kai psaxnome akomi :) To kitrino ston titlo na sou pw tin alithia emena mou arese poly.  Ekremoun grammatoseires kai xrwmata gia ta ypoloipa font twra.
55a5f2ff5e0d51bd787b6bda	FreeCodeCamp/Athens	2015-08-27T07:55:50.770Z	55bb44600fc9f982beaba6c1	sofivsofi	55dec28669b48d870e0813bf	ayta apo mena! kali sinexeia!!
55a5f2ff5e0d51bd787b6bda	FreeCodeCamp/Athens	2015-08-27T07:55:31.891Z	55bb44600fc9f982beaba6c1	sofivsofi	55dec2739be7c0820510ad6b	opws episis kai to xrwma pou xrisimopoieis kalo tha itan na antikatastiseis to kitrino me kapoio pou dn kanei toso megali antithesi me to gkri pou exeis sto background
55a5f2ff5e0d51bd787b6bda	FreeCodeCamp/Athens	2015-08-27T07:53:59.855Z	55bb44600fc9f982beaba6c1	sofivsofi	55dec21769b48d870e0813b0	poli wraia i prospatheia sou! tha proteina mono oi gramatoseira poy xreisimopoieis sto profile soy na antikatastathei me mia pio apli poy dn tha kourazei stin anagnwsi. genika aytes tis kaligrafikes gramatoseires tis xreisimopoioume se tittlous sinithos
55a5f2ff5e0d51bd787b6bda	FreeCodeCamp/Athens	2015-08-27T07:51:25.508Z	55bb44600fc9f982beaba6c1	sofivsofi	55dec17db0c2ec8705e73c62	mpravo airyz!
55a5f2ff5e0d51bd787b6bda	FreeCodeCamp/Athens	2015-08-26T18:15:44.987Z	55c65c8d0fc9f982beacb49a	airyz	55de02509f8795cd3e1fba99	peite tin gnwmi sas re paidia, prwti prospathia
55a5f2ff5e0d51bd787b6bda	FreeCodeCamp/Athens	2015-08-26T18:15:37.663Z	55c65c8d0fc9f982beacb49a	airyz	55de024969b48d870e07fda8	http://codepen.io/airyz/full/oXKQNL
55a5f2ff5e0d51bd787b6bda	FreeCodeCamp/Athens	2015-08-25T18:45:57.451Z	550c94d115522ed4b3dd9349	DemetriG	55dcb7e5a6bcd8894068e888	kali fasi... 
55a5f2ff5e0d51bd787b6bda	FreeCodeCamp/Athens	2015-08-25T18:45:08.121Z	55c65c8d0fc9f982beacb49a	airyz	55dcb7b4fcfd5a7865af5423	"sou exei kapia sites ta opoia prepei na ""antigrapseis"""
55a5f2ff5e0d51bd787b6bda	FreeCodeCamp/Athens	2015-08-25T18:44:49.703Z	550c94d115522ed4b3dd9349	DemetriG	55dcb7a104a673003162a787	tnx... ti brepei na kaneis sta front end projects?
55a5f2ff5e0d51bd787b6bda	FreeCodeCamp/Athens	2015-08-25T18:44:18.180Z	55c65c8d0fc9f982beacb49a	airyz	55dcb78204a673003162a783	kala to pas mesa se mia mera
55a5f2ff5e0d51bd787b6bda	FreeCodeCamp/Athens	2015-08-25T18:43:47.982Z	550c94d115522ed4b3dd9349	DemetriG	55dcb763a6bcd8894068e875	ego eimai sto 32 tou 1
55a5f2ff5e0d51bd787b6bda	FreeCodeCamp/Athens	2015-08-25T18:43:24.526Z	55c65c8d0fc9f982beacb49a	airyz	55dcb74c6ebe0cd6126426c4	mikra mikra einai afta
55a5f2ff5e0d51bd787b6bda	FreeCodeCamp/Athens	2015-08-25T18:43:06.970Z	550c94d115522ed4b3dd9349	DemetriG	55dcb73a04a673003162a774	se 1,5 bdomades? 
55a5f2ff5e0d51bd787b6bda	FreeCodeCamp/Athens	2015-08-25T18:42:14.779Z	55c65c8d0fc9f982beacb49a	airyz	55dcb70604a673003162a762	exw teleiosei ta prwta 5, kai psilokolisa twra sto 6o pou einai basic frontend
55a5f2ff5e0d51bd787b6bda	FreeCodeCamp/Athens	2015-08-25T18:41:46.594Z	550c94d115522ed4b3dd9349	DemetriG	55dcb6eaa6bcd8894068e853	"se pio ""level"" eisai"
55a5f2ff5e0d51bd787b6bda	FreeCodeCamp/Athens	2015-08-25T18:40:01.015Z	55c65c8d0fc9f982beacb49a	airyz	55dcb68104a673003162a744	Kali arxi.  Egw peripou miamisi vdomada
55a5f2ff5e0d51bd787b6bda	FreeCodeCamp/Athens	2015-08-25T18:39:32.904Z	550c94d115522ed4b3dd9349	DemetriG	55dcb664fcfd5a7865af53dd	molis ksekinisa to free code bootcamp... eseis poso kairo exete pou arxisate?
55a5f2ff5e0d51bd787b6bda	FreeCodeCamp/Athens	2015-08-25T18:38:58.121Z	55c65c8d0fc9f982beacb49a	airyz	55dcb642a6bcd8894068e82c	Gia sou demetri
55a5f2ff5e0d51bd787b6bda	FreeCodeCamp/Athens	2015-08-25T16:58:16.394Z	550c94d115522ed4b3dd9349	DemetriG	55dc9ea8a6bcd8894068e424	kalispera :)
55a5f2ff5e0d51bd787b6bda	FreeCodeCamp/Athens	2015-08-17T16:29:34.067Z	55c65c8d0fc9f982beacb49a	airyz	55d20bee3d8917890c16670f	Kalispera Athina!
55a5f2ff5e0d51bd787b6bda	FreeCodeCamp/Athens	2015-08-10T19:06:16.553Z	55c65c8d0fc9f982beacb49a	airyz	55c8f628aac97ada66dd5c41	Kali synexeia, elpizw na ta xanapoume
55a5f2ff5e0d51bd787b6bda	FreeCodeCamp/Athens	2015-08-10T19:05:35.841Z	55c65c8d0fc9f982beacb49a	airyz	55c8f5ff21801cd866ca95c0	telos ta basic html :D
55a5f2ff5e0d51bd787b6bda	FreeCodeCamp/Athens	2015-08-10T19:04:15.820Z	55aa3b218a7b72f55c3fc000	Gts0uk	55c8f5af2ee3da6275c36d23	cool
55a5f2ff5e0d51bd787b6bda	FreeCodeCamp/Athens	2015-08-10T19:03:00.925Z	55c65c8d0fc9f982beacb49a	airyz	55c8f564aac97ada66dd5c16	sxediasmo testing strategy, manual testing, automation ktl
55a5f2ff5e0d51bd787b6bda	FreeCodeCamp/Athens	2015-08-10T19:01:00.073Z	55aa3b218a7b72f55c3fc000	Gts0uk	55c8f4ec21801cd866ca9580	ακουγεται βαρετο :P
55a5f2ff5e0d51bd787b6bda	FreeCodeCamp/Athens	2015-08-10T19:00:51.519Z	55aa3b218a7b72f55c3fc000	Gts0uk	55c8f4e32ee3da6275c36cff	στο testing τι κανεις ;
55a5f2ff5e0d51bd787b6bda	FreeCodeCamp/Athens	2015-08-10T19:00:29.189Z	55aa3b218a7b72f55c3fc000	Gts0uk	55c8f4cd8f067d637598cacd	ε ναι
55a5f2ff5e0d51bd787b6bda	FreeCodeCamp/Athens	2015-08-10T19:00:16.519Z	55c65c8d0fc9f982beacb49a	airyz	55c8f4c08f067d637598cac6	funding na yparxei kai tha ftiaxnoun :D
55a5f2ff5e0d51bd787b6bda	FreeCodeCamp/Athens	2015-08-10T18:59:36.826Z	55aa3b218a7b72f55c3fc000	Gts0uk	55c8f4980c29567545d9911d	και θα υπαρξουν και αλλες στο μελλον
55a5f2ff5e0d51bd787b6bda	FreeCodeCamp/Athens	2015-08-10T18:59:24.338Z	55aa3b218a7b72f55c3fc000	Gts0uk	55c8f48c0c29567545d99119	νταξει υπαρχουν και αλλες startups
55a5f2ff5e0d51bd787b6bda	FreeCodeCamp/Athens	2015-08-10T18:58:29.759Z	55aa3b218a7b72f55c3fc000	Gts0uk	55c8f45521801cd866ca9556	http://startupper.gr/%CE%B1%CE%BD%CE%B1%CF%83%CF%84%CE%BF%CE%BB%CE%AE-%CE%BB%CE%B5%CE%B9%CF%84%CE%BF%CF%85%CF%81%CE%B3%CE%AF%CE%B1%CF%82-%CE%B3%CE%B9%CE%B1-%CF%84%CE%BF-tapely/
55a5f2ff5e0d51bd787b6bda	FreeCodeCamp/Athens	2015-08-10T18:58:11.298Z	55c65c8d0fc9f982beacb49a	airyz	55c8f4437f578b465ff49297	prin kana 6mino mou eipe na ton voithisw ligo sto testing alla eixa prwtoxekinisei stin Beagle kai ithela na kanw focus
55a5f2ff5e0d51bd787b6bda	FreeCodeCamp/Athens	2015-08-10T18:57:51.730Z	55c65c8d0fc9f982beacb49a	airyz	55c8f42f0c29567545d990ff	alithia to eklise?
55a5f2ff5e0d51bd787b6bda	FreeCodeCamp/Athens	2015-08-10T18:57:42.045Z	55aa3b218a7b72f55c3fc000	Gts0uk	55c8f4262ee3da6275c36cdb	ηταν να παω εκει αλλα κλεισανε :P
55a5f2ff5e0d51bd787b6bda	FreeCodeCamp/Athens	2015-08-10T18:57:32.422Z	55aa3b218a7b72f55c3fc000	Gts0uk	55c8f41c21801cd866ca954a	nai
55a5f2ff5e0d51bd787b6bda	FreeCodeCamp/Athens	2015-08-10T18:57:22.750Z	55c65c8d0fc9f982beacb49a	airyz	55c8f412aac97ada66dd5bc5	ton alex apo to tape.ly
55a5f2ff5e0d51bd787b6bda	FreeCodeCamp/Athens	2015-08-10T18:57:07.622Z	55aa3b218a7b72f55c3fc000	Gts0uk	55c8f40321801cd866ca9541	xD
55a5f2ff5e0d51bd787b6bda	FreeCodeCamp/Athens	2015-08-10T18:56:38.592Z	55c65c8d0fc9f982beacb49a	airyz	55c8f3e621801cd866ca953a	vlepw exoume kai koino gnwsto sto linkedin :P
55a5f2ff5e0d51bd787b6bda	FreeCodeCamp/Athens	2015-08-10T18:54:29.151Z	55aa3b218a7b72f55c3fc000	Gts0uk	55c8f3650c29567545d990db	στην Ολλανδια γινεται χαμος π.χ
55a5f2ff5e0d51bd787b6bda	FreeCodeCamp/Athens	2015-08-10T18:54:18.320Z	55aa3b218a7b72f55c3fc000	Gts0uk	55c8f35a21801cd866ca951e	εμπειρια θελω να μαζεψω και μετα την κανω εξωτερικο 
55a5f2ff5e0d51bd787b6bda	FreeCodeCamp/Athens	2015-08-10T18:53:57.883Z	55aa3b218a7b72f55c3fc000	Gts0uk	55c8f34521801cd866ca9518	δεν μασαω
55a5f2ff5e0d51bd787b6bda	FreeCodeCamp/Athens	2015-08-10T18:53:48.405Z	55aa3b218a7b72f55c3fc000	Gts0uk	55c8f33c8f067d637598ca78	ναι ρε τα ξερω ολα αυτα
55a5f2ff5e0d51bd787b6bda	FreeCodeCamp/Athens	2015-08-10T18:52:45.960Z	55c65c8d0fc9f982beacb49a	airyz	55c8f2fd7f578b465ff49248	xekina na pigeneis se events pou ginonte se polyxwrous opws to Cube, Foundation ktl
55a5f2ff5e0d51bd787b6bda	FreeCodeCamp/Athens	2015-08-10T18:52:29.497Z	55c65c8d0fc9f982beacb49a	airyz	55c8f2ed8f067d637598ca6c	kai diasyndesis
55a5f2ff5e0d51bd787b6bda	FreeCodeCamp/Athens	2015-08-10T18:52:23.008Z	55c65c8d0fc9f982beacb49a	airyz	55c8f2e77f578b465ff4923d	thelisi kai kali tyxi thes
55a5f2ff5e0d51bd787b6bda	FreeCodeCamp/Athens	2015-08-10T18:52:08.519Z	55c65c8d0fc9f982beacb49a	airyz	55c8f2d88f067d637598ca6a	min masas, ftiaxe kalo portfolio  kai mathe oso pio polla mporeis
55a5f2ff5e0d51bd787b6bda	FreeCodeCamp/Athens	2015-08-10T18:50:44.404Z	55aa3b218a7b72f55c3fc000	Gts0uk	55c8f284aac97ada66dd5b7c	σε startups ψηνομαι να δουλεψω
55a5f2ff5e0d51bd787b6bda	FreeCodeCamp/Athens	2015-08-10T18:50:29.967Z	55aa3b218a7b72f55c3fc000	Gts0uk	55c8f27521801cd866ca94e9	αυτοδιδακτος ας το πουμε. με προγραμματισμο και τωρα τελευταια web development.
55a5f2ff5e0d51bd787b6bda	FreeCodeCamp/Athens	2015-08-10T18:50:07.589Z	55aa3b218a7b72f55c3fc000	Gts0uk	55c8f25f0c29567545d990b1	μαθαινω μονος 
55a5f2ff5e0d51bd787b6bda	FreeCodeCamp/Athens	2015-08-10T18:49:42.538Z	55c65c8d0fc9f982beacb49a	airyz	55c8f2467f578b465ff49219	me ti asxolise esy an epitrepete?
55a5f2ff5e0d51bd787b6bda	FreeCodeCamp/Athens	2015-08-10T18:49:20.043Z	55c65c8d0fc9f982beacb49a	airyz	55c8f2302ee3da6275c36c63	twra stin Beagle epeidi einai kapws megalyteri kai poly gamato afentiko to goustaro
55a5f2ff5e0d51bd787b6bda	FreeCodeCamp/Athens	2015-08-10T18:49:03.383Z	55c65c8d0fc9f982beacb49a	airyz	55c8f21faac97ada66dd5b5f	se startup einai ligo skotoma
55a5f2ff5e0d51bd787b6bda	FreeCodeCamp/Athens	2015-08-10T18:48:22.527Z	55aa3b218a7b72f55c3fc000	Gts0uk	55c8f1f60c29567545d9909d	σε μικρες εταιριες καλυτερα
55a5f2ff5e0d51bd787b6bda	FreeCodeCamp/Athens	2015-08-10T18:48:01.226Z	55c65c8d0fc9f982beacb49a	airyz	55c8f1e18f067d637598ca30	eixe ftasei konta 1000 ypallilous 
55a5f2ff5e0d51bd787b6bda	FreeCodeCamp/Athens	2015-08-10T18:47:44.932Z	55aa3b218a7b72f55c3fc000	Gts0uk	55c8f1d021801cd866ca94bb	lol
55a5f2ff5e0d51bd787b6bda	FreeCodeCamp/Athens	2015-08-10T18:47:35.795Z	55c65c8d0fc9f982beacb49a	airyz	55c8f1c7aac97ada66dd5b47	meta falirise :D
55a5f2ff5e0d51bd787b6bda	FreeCodeCamp/Athens	2015-08-10T18:47:31.238Z	55c65c8d0fc9f982beacb49a	airyz	55c8f1c321801cd866ca94b7	i velti einai megali, mpike kai Nasdaq
55a5f2ff5e0d51bd787b6bda	FreeCodeCamp/Athens	2015-08-10T18:46:08.917Z	55aa3b218a7b72f55c3fc000	Gts0uk	55c8f17021801cd866ca94a2	το Project Beagle
55a5f2ff5e0d51bd787b6bda	FreeCodeCamp/Athens	2015-08-10T18:46:04.423Z	55aa3b218a7b72f55c3fc000	Gts0uk	55c8f16c21801cd866ca94a0	καλη φαση φαινεται
55a5f2ff5e0d51bd787b6bda	FreeCodeCamp/Athens	2015-08-10T18:45:46.777Z	55aa3b218a7b72f55c3fc000	Gts0uk	55c8f15a2ee3da6275c36c37	δεν τις ξερω αυτες τις εταιριες 
55a5f2ff5e0d51bd787b6bda	FreeCodeCamp/Athens	2015-08-10T18:44:46.759Z	55c65c8d0fc9f982beacb49a	airyz	55c8f11eaac97ada66dd5b24	apo Kypro eimai nai, alla eimai monima Athina apo to 2009
55a5f2ff5e0d51bd787b6bda	FreeCodeCamp/Athens	2015-08-10T18:44:25.373Z	55aa3b218a7b72f55c3fc000	Gts0uk	55c8f109aac97ada66dd5b22	απο Κυπρο ?
55a5f2ff5e0d51bd787b6bda	FreeCodeCamp/Athens	2015-08-10T18:43:44.450Z	55c65c8d0fc9f982beacb49a	airyz	55c8f0e00c29567545d99065	kai s ena mikrotero startup
55a5f2ff5e0d51bd787b6bda	FreeCodeCamp/Athens	2015-08-10T18:43:36.725Z	55c65c8d0fc9f982beacb49a	airyz	55c8f0d80c29567545d99060	pio prin Velti
55a5f2ff5e0d51bd787b6bda	FreeCodeCamp/Athens	2015-08-10T18:43:20.758Z	55c65c8d0fc9f982beacb49a	airyz	55c8f0c87f578b465ff491c3	Project Beagle
55a5f2ff5e0d51bd787b6bda	FreeCodeCamp/Athens	2015-08-10T18:43:03.634Z	55aa3b218a7b72f55c3fc000	Gts0uk	55c8f0b77f578b465ff491ba	που αν επιτρεπεται ;
55a5f2ff5e0d51bd787b6bda	FreeCodeCamp/Athens	2015-08-10T18:42:38.421Z	55c65c8d0fc9f982beacb49a	airyz	55c8f09e8f067d637598c9e3	software tester eimai
55a5f2ff5e0d51bd787b6bda	FreeCodeCamp/Athens	2015-08-10T18:42:23.572Z	55aa3b218a7b72f55c3fc000	Gts0uk	55c8f08f2ee3da6275c36c06	οχι , εσυ ;
55a5f2ff5e0d51bd787b6bda	FreeCodeCamp/Athens	2015-08-10T18:41:59.833Z	55c65c8d0fc9f982beacb49a	airyz	55c8f07721801cd866ca9470	ergazese ston tomea katholou gtsouk?
55a5f2ff5e0d51bd787b6bda	FreeCodeCamp/Athens	2015-08-10T18:41:51.404Z	55c65c8d0fc9f982beacb49a	airyz	55c8f06f21801cd866ca946f	Thank you!
55a5f2ff5e0d51bd787b6bda	FreeCodeCamp/Athens	2015-08-10T18:41:44.781Z	55aa3b218a7b72f55c3fc000	Gts0uk	55c8f0687f578b465ff491ab	have fun
55a5f2ff5e0d51bd787b6bda	FreeCodeCamp/Athens	2015-08-10T18:41:24.574Z	55aa3b218a7b72f55c3fc000	Gts0uk	55c8f054aac97ada66dd5afd	κομπλες
55a5f2ff5e0d51bd787b6bda	FreeCodeCamp/Athens	2015-08-10T18:41:02.339Z	55c65c8d0fc9f982beacb49a	airyz	55c8f03e8f067d637598c9ca	egw xtes xekinisa, to eixa anakalypsei stis diakopes kai perimena pws kai pws na xekinisw :)
55a5f2ff5e0d51bd787b6bda	FreeCodeCamp/Athens	2015-08-10T18:40:37.602Z	55aa3b218a7b72f55c3fc000	Gts0uk	55c8f0257f578b465ff4919a	κανα 2μηνο
55a5f2ff5e0d51bd787b6bda	FreeCodeCamp/Athens	2015-08-10T18:40:22.053Z	55aa3b218a7b72f55c3fc000	Gts0uk	55c8f0167f578b465ff49192	εχω κανει και πολυ πραμα απο codeschool και teamtreehouse
55a5f2ff5e0d51bd787b6bda	FreeCodeCamp/Athens	2015-08-10T18:40:13.547Z	55c65c8d0fc9f982beacb49a	airyz	55c8f00d8f067d637598c9bf	to xekinises kairo twra?
55a5f2ff5e0d51bd787b6bda	FreeCodeCamp/Athens	2015-08-10T18:39:59.986Z	55aa3b218a7b72f55c3fc000	Gts0uk	55c8efff0c29567545d9902d	μπα , παω πολυ χαλαρα
55a5f2ff5e0d51bd787b6bda	FreeCodeCamp/Athens	2015-08-10T18:38:26.888Z	55c65c8d0fc9f982beacb49a	airyz	55c8efa2aac97ada66dd5ad4	ωραίος, είσαι πολύ μπροστά εσύ
55a5f2ff5e0d51bd787b6bda	FreeCodeCamp/Athens	2015-08-10T18:34:07.495Z	55aa3b218a7b72f55c3fc000	Gts0uk	55c8ee9f7f578b465ff49132	μου μενουν 26 bonfires
55a5f2ff5e0d51bd787b6bda	FreeCodeCamp/Athens	2015-08-10T18:24:53.540Z	55c65c8d0fc9f982beacb49a	airyz	55c8ec757f578b465ff490d3	Μέχρι που φτάσατε?  έχω ολοκληρώσει κάνα 40άρι και λέω να τελειώσω HTML σήμερα αύριο.
55a5f2ff5e0d51bd787b6bda	FreeCodeCamp/Athens	2015-08-10T03:57:07.509Z	55ba83090fc9f982beab954c	PanosGr94	55c8211321801cd866ca7c2e	"Καλησπέρα @all! 
Καλώς ήλθατε τα νέα μέλη!"
55a5f2ff5e0d51bd787b6bda	FreeCodeCamp/Athens	2015-08-09T20:32:31.675Z	55aa3b218a7b72f55c3fc000	Gts0uk	55c7b8df8f067d637598aaac	θα θελα :P
55a5f2ff5e0d51bd787b6bda	FreeCodeCamp/Athens	2015-08-09T20:19:39.106Z	55b87ddb0fc9f982beab5be0	katsanosx	55c7b5db8f067d637598aa86	@Gts0uk το 100mentors.com φαίνεται καλή φάση είχες καμία ανάμιξη σ αυτό? 
55a5f2ff5e0d51bd787b6bda	FreeCodeCamp/Athens	2015-08-09T20:18:11.026Z	55b87ddb0fc9f982beab5be0	katsanosx	55c7b583aac97ada66dd3b34	Καλησπέρα σε όλους 
55a5f2ff5e0d51bd787b6bda	FreeCodeCamp/Athens	2015-08-09T19:15:52.396Z	55aa3b218a7b72f55c3fc000	Gts0uk	55c7a6e80c29567545d97054	@airyz kalispera
55a5f2ff5e0d51bd787b6bda	FreeCodeCamp/Athens	2015-08-09T18:34:14.398Z	55c65c8d0fc9f982beacb49a	airyz	55c79d268f067d637598a8f7	kalispera kai kalos sas vrika
55a5f2ff5e0d51bd787b6bda	FreeCodeCamp/Athens	2015-08-09T14:07:18.307Z	55aa3b218a7b72f55c3fc000	Gts0uk	55c75e967f578b465ff46bd2	kalispera
55a5f2ff5e0d51bd787b6bda	FreeCodeCamp/Athens	2015-08-09T13:08:33.202Z	55c74a3d0fc9f982beacbff1	vpsimadas	55c750d12ee3da6275c344db	καλησπέρα σε όλους και όλες!
55a5f2ff5e0d51bd787b6bda	FreeCodeCamp/Athens	2015-08-05T10:30:27.473Z	55aa3b218a7b72f55c3fc000	Gts0uk	55c1e5c3eff8f1d77cc343ed	για να καταλαβετε ενα ελληνικο one page web app ειναι η startup 100mentors.com το οποιο εγινε μονο με MEAN stack. 
55a5f2ff5e0d51bd787b6bda	FreeCodeCamp/Athens	2015-08-05T10:29:06.140Z	55aa3b218a7b72f55c3fc000	Gts0uk	55c1e572eff8f1d77cc343e4	παιζει πολυ LAMP και Ruby on Rails
55a5f2ff5e0d51bd787b6bda	FreeCodeCamp/Athens	2015-08-05T10:28:52.732Z	55aa3b218a7b72f55c3fc000	Gts0uk	55c1e564eff8f1d77cc343e3	Ελλαδα δεν εινα διαδεδομενο τοσο πολυ οσο εξω δυστιχως
55a5f2ff5e0d51bd787b6bda	FreeCodeCamp/Athens	2015-08-05T10:28:28.481Z	55aa3b218a7b72f55c3fc000	Gts0uk	55c1e54c68c869d67cf04eb2	@general656 εγω ξερω και python. Η javascript ειναι το παρων και το μελλον. Ειδικα με το MEAN stack.
55a5f2ff5e0d51bd787b6bda	FreeCodeCamp/Athens	2015-08-05T10:25:18.305Z	55aa3b218a7b72f55c3fc000	Gts0uk	55c1e48eeff8f1d77cc343d3	Καλημερες!
55a5f2ff5e0d51bd787b6bda	FreeCodeCamp/Athens	2015-08-03T10:27:15.194Z	55ba83090fc9f982beab954c	PanosGr94	55bf4203a0587bc54d69219a	καλημέρα και καλώς ήλθες!!
55a5f2ff5e0d51bd787b6bda	FreeCodeCamp/Athens	2015-08-03T08:40:29.605Z	55b87ddb0fc9f982beab5be0	katsanosx	55bf28fd7978296537a31c94	καλημερα @snbolierakis 
55a5f2ff5e0d51bd787b6bda	FreeCodeCamp/Athens	2015-08-03T08:32:54.585Z	55bb44600fc9f982beaba6c1	sofivsofi	55bf2736a0587bc54d691e3c	Καλησπέρα!
55a5f2ff5e0d51bd787b6bda	FreeCodeCamp/Athens	2015-08-03T07:48:29.651Z	55ad5dfc37f2ad22587e8fad	snbolierakis	55bf1ccd8deffbc44d8e3a47	Καλημέρα σε ολους...
55a5f2ff5e0d51bd787b6bda	FreeCodeCamp/Athens	2015-08-02T19:32:09.305Z	55b87ddb0fc9f982beab5be0	katsanosx	55be7039dcea60b379ff0238	Εγώ ασχολούμαι με arduino και web development
55a5f2ff5e0d51bd787b6bda	FreeCodeCamp/Athens	2015-08-02T18:26:42.068Z	55bc14e00fc9f982beabbb89	general656	55be60e2a0587bc54d690d2e	Ασχολήστε με κάτι συγκεκριμένο εκτός από το CodeCamp ; Προσωπικά είμαι Programming Guy :P C, C# ... 
55a5f2ff5e0d51bd787b6bda	FreeCodeCamp/Athens	2015-08-02T17:42:48.151Z	55ba83090fc9f982beab954c	PanosGr94	55be569843481e5337603c53	ειδικά τώρα με τις διακοπές πχ εγώ θα χαθώ μια ή δυο εβδομάδες
55a5f2ff5e0d51bd787b6bda	FreeCodeCamp/Athens	2015-08-02T17:42:14.861Z	55ba83090fc9f982beab954c	PanosGr94	55be56767978296537a30a32	ναι , θα ήταν πολύ ευχάριστο αν καταφέρναμε να κάνουμε group ή pair programming στα projects. 'Αν το επιθυμείτε και εσείς κάντε μια μικρή αναφορά όποτε τελειώνετε κάποιο κομμάτι για να διατηρηθούμε χονδρικά σε ίδιο βηματισμό
55a5f2ff5e0d51bd787b6bda	FreeCodeCamp/Athens	2015-08-01T19:21:51.708Z	55b87ddb0fc9f982beab5be0	katsanosx	55bd1c4fdcea60b379feeb81	Έτσι ακριβώς.. το καλό  είναι ότι ξεκινήσαμε όλοι σχεδόν ταυτόχρονα οπότε θα κάνουμε group για project την ίδια χρονική περίοδο
55a5f2ff5e0d51bd787b6bda	FreeCodeCamp/Athens	2015-08-01T14:01:43.527Z	55ba83090fc9f982beab954c	PanosGr94	55bcd147dcea60b379fee621	το FreeCodeCamp εχει γύρω στις 290 μέρες,  η Ελληνική κοινότητα πρέπει να έχει λίγο καιρό..
55a5f2ff5e0d51bd787b6bda	FreeCodeCamp/Athens	2015-08-01T13:47:56.250Z	55bc14e00fc9f982beabbb89	general656	55bcce0ca0587bc54d68f305	@katsanosx κατσε πριν ποσο καιρο αρχησε το FreeCodeCamp ? 
55a5f2ff5e0d51bd787b6bda	FreeCodeCamp/Athens	2015-08-01T12:26:07.676Z	55bb44600fc9f982beaba6c1	sofivsofi	55bcbadf43481e53376020d3	Hello καλός όρισες!!
55a5f2ff5e0d51bd787b6bda	FreeCodeCamp/Athens	2015-08-01T09:45:25.516Z	55ba83090fc9f982beab954c	PanosGr94	55bc953512f77ab279a979f9	"Καλησπέρα! Καλώς ήλθες!! 
Και εμείς τώρα ξεκινάμε πάντως εγώ απ'ότι βλέπω είναι καλά τα μαθήματα! :+1: "
55a5f2ff5e0d51bd787b6bda	FreeCodeCamp/Athens	2015-08-01T07:52:35.579Z	55b87ddb0fc9f982beab5be0	katsanosx	55bc7ac343481e5337601f28	σιγα σιγα μαζευει και κοσμο.. πριν 4 μερες ημασταν μονο 2 ατομα εδω μεσα!
55a5f2ff5e0d51bd787b6bda	FreeCodeCamp/Athens	2015-08-01T07:52:11.435Z	55b87ddb0fc9f982beab5be0	katsanosx	55bc7aaba0587bc54d68f060	καλη φαση φαινεται
55a5f2ff5e0d51bd787b6bda	FreeCodeCamp/Athens	2015-08-01T00:40:48.357Z	55bc14e00fc9f982beabbb89	general656	55bc1590dcea60b379fede5f	Καινουργιος ... :D Τι φαση το ολο Project εδώ ; 
55a5f2ff5e0d51bd787b6bda	FreeCodeCamp/Athens	2015-08-01T00:40:24.240Z	55bc14e00fc9f982beabbb89	general656	55bc157843481e53376019b1	Χαλλο 
55a5f2ff5e0d51bd787b6bda	FreeCodeCamp/Athens	2015-07-31T23:47:11.250Z	55ba83090fc9f982beab954c	PanosGr94	55bc08ff7978296537a2e716	είναι ομολογουμένως αρκετά δελεαστικό το πακέτο!! Τουλάχιστον απ'όσα έχω δεί και στο κομμάτι HTML/CSS χτυπάνε επικεντρομένα και συνοπτικά, πράγμα ανεκτίμητο στον τομέα μας. Και τα projects πρέπει να λένε πολλά!
55a5f2ff5e0d51bd787b6bda	FreeCodeCamp/Athens	2015-07-31T12:46:11.980Z	55b87ddb0fc9f982beab5be0	katsanosx	55bb6e1343481e5337600391	αλλα μου φανηκε και ενδιαφέρον το ολο concept
55a5f2ff5e0d51bd787b6bda	FreeCodeCamp/Athens	2015-07-31T12:46:01.181Z	55b87ddb0fc9f982beab5be0	katsanosx	55bb6e0912f77ab279a95df3	πιο πολυ για να ξεσκονισω λιγο javascript 
55a5f2ff5e0d51bd787b6bda	FreeCodeCamp/Athens	2015-07-31T12:45:26.297Z	55b87ddb0fc9f982beab5be0	katsanosx	55bb6de68deffbc44d8df12f	κι εγώ τωρα ξεκίνησα 
55a5f2ff5e0d51bd787b6bda	FreeCodeCamp/Athens	2015-07-31T10:32:44.945Z	55bb44600fc9f982beaba6c1	sofivsofi	55bb4ecc8deffbc44d8dedf2	εγώ γενικά οτι ξέρω τα έχω μάθει από το internet γιατί στην σχολή μου έκανα το λάθος και ασχολήθηκα με δίκτυα και δεν μου άρεσαν καθόλου
55a5f2ff5e0d51bd787b6bda	FreeCodeCamp/Athens	2015-07-31T10:30:37.084Z	55ba83090fc9f982beab954c	PanosGr94	55bb4e4d12f77ab279a95ae7	ναί, και εγώ έτσι πιστέυω
55a5f2ff5e0d51bd787b6bda	FreeCodeCamp/Athens	2015-07-31T10:30:20.842Z	55ba83090fc9f982beab954c	PanosGr94	55bb4e3c43481e5337600036	έχω κάνει μερικές εργασιούλες για την σχολή! εσύ;
55a5f2ff5e0d51bd787b6bda	FreeCodeCamp/Athens	2015-07-31T10:30:12.397Z	55bb44600fc9f982beaba6c1	sofivsofi	55bb4e3412f77ab279a95ae4	ε τότε πιστεύω τα πρώτα μαθήματα θα φύγουν πολύ γρήγορα!
55a5f2ff5e0d51bd787b6bda	FreeCodeCamp/Athens	2015-07-31T10:29:40.383Z	55bb44600fc9f982beaba6c1	sofivsofi	55bb4e148deffbc44d8dedd9	αυτό θα σε ρωτούσα τώρα!
55a5f2ff5e0d51bd787b6bda	FreeCodeCamp/Athens	2015-07-31T10:29:22.709Z	55ba83090fc9f982beab954c	PanosGr94	55bb4e028deffbc44d8dedd5	και εγώ έχω μερική εμπειρία με HTML, CSS, JAVASCRIPT-JQUERY και PHP....μην φανταστείς... σε βασικό επίπεδο!!
55a5f2ff5e0d51bd787b6bda	FreeCodeCamp/Athens	2015-07-31T10:28:32.273Z	55ba83090fc9f982beab954c	PanosGr94	55bb4dd043481e533760002c	χαχαχα μα ναί βρε αδερφέ! 
55a5f2ff5e0d51bd787b6bda	FreeCodeCamp/Athens	2015-07-31T10:28:17.642Z	55bb44600fc9f982beaba6c1	sofivsofi	55bb4dc1a0587bc54d68d247	καλά κάνεις, αν είναι να κάνουμε κάτι να το κάνουμε σωστά!
55a5f2ff5e0d51bd787b6bda	FreeCodeCamp/Athens	2015-07-31T10:27:57.984Z	55bb44600fc9f982beaba6c1	sofivsofi	55bb4dada0587bc54d68d243	εγώ ξεκίνησα την HTML αλλά μου φαίνονται βατά γιατί έχω ξανά ασχοληθεί με μαθήματα 
55a5f2ff5e0d51bd787b6bda	FreeCodeCamp/Athens	2015-07-31T10:27:46.076Z	55ba83090fc9f982beab954c	PanosGr94	55bb4da243481e5337600026	είμαι των λεπτομεριών :worried: 
55a5f2ff5e0d51bd787b6bda	FreeCodeCamp/Athens	2015-07-31T10:26:59.875Z	55bb44600fc9f982beaba6c1	sofivsofi	55bb4d738deffbc44d8dedc4	αν δεν κάνω λάθος μπορείς αντί να τα δείς τα  βίντεο απλά να διαβάσεις αυτά που λέει δίπλα νομίζω ότι καλύπτουν τα ίδια πράγματα
55a5f2ff5e0d51bd787b6bda	FreeCodeCamp/Athens	2015-07-31T10:26:04.408Z	55ba83090fc9f982beab954c	PanosGr94	55bb4d3c43481e5337600018	τελειώνω την αρχική παρουσίαση (τα πρώτα 9 βίντεο) χθες ξεκίνησα! εσύ;
55a5f2ff5e0d51bd787b6bda	FreeCodeCamp/Athens	2015-07-31T10:23:54.702Z	55bb44600fc9f982beaba6c1	sofivsofi	55bb4cba12f77ab279a95ac3	ξεκίνησες καθόλου τα μαθήματα; αν ναι πως σου φαίνονται;
55a5f2ff5e0d51bd787b6bda	FreeCodeCamp/Athens	2015-07-31T10:23:38.506Z	55ba83090fc9f982beab954c	PanosGr94	55bb4caa12f77ab279a95ac1	σήμερα ξεκινάς στην σελίδα;
55a5f2ff5e0d51bd787b6bda	FreeCodeCamp/Athens	2015-07-31T10:23:13.681Z	55bb44600fc9f982beaba6c1	sofivsofi	55bb4c9143481e5337600004	καλός σας βρήκα!
55a5f2ff5e0d51bd787b6bda	FreeCodeCamp/Athens	2015-07-31T10:22:35.635Z	55ba83090fc9f982beab954c	PanosGr94	55bb4c6ba0587bc54d68d219	χαχαχα εξυπνο!! καλως ηρθες!!
55a5f2ff5e0d51bd787b6bda	FreeCodeCamp/Athens	2015-07-31T10:20:26.917Z	55bb44600fc9f982beaba6c1	sofivsofi	55bb4beaa0587bc54d68d204	αχαχα ε ναι! ελληνικό group δεν είμαστε;!
55a5f2ff5e0d51bd787b6bda	FreeCodeCamp/Athens	2015-07-31T10:18:21.000Z	55ba83090fc9f982beab954c	PanosGr94	55bb4b6ddcea60b379fec4c7	"σε αντιστοιχία του ""Hello World"" ?? "
55a5f2ff5e0d51bd787b6bda	FreeCodeCamp/Athens	2015-07-31T10:16:11.363Z	55bb44600fc9f982beaba6c1	sofivsofi	55bb4aebdcea60b379fec4b8	Γειά σου κόσμε!
55a5f2ff5e0d51bd787b6bda	FreeCodeCamp/Athens	2015-07-31T10:08:19.545Z	55ba83090fc9f982beab954c	PanosGr94	55bb49138deffbc44d8ded50	@katsanosx  γεία χαρά! μπήκα και στην ομάδα του facebook και πόσταρα. έχεις προχωρήσει καθόλου το πρόγραμμα, γιατί εγώ τώρα το ξεκινάω!!
55a5f2ff5e0d51bd787b6bda	FreeCodeCamp/Athens	2015-07-31T08:39:45.765Z	55ba83090fc9f982beab954c	PanosGr94	55bb34517978296537a2cb2f	iiffii βαλε <div> *elements* </div> tags γυρω απο το περιεχομενο που θελεις!
55a5f2ff5e0d51bd787b6bda	FreeCodeCamp/Athens	2015-07-31T06:25:59.121Z	55b87fb80fc9f982beab5c1b	Optmistic	55bb14f77978296537a2c803	how to Wrap Many Elements within a Single Div Element??
55a5f2ff5e0d51bd787b6bda	FreeCodeCamp/Athens	2015-07-30T20:17:07.788Z	55b87ddb0fc9f982beab5be0	katsanosx	55ba864343481e53375fec4e	Ει καλησπέρα 
55a5f2ff5e0d51bd787b6bda	FreeCodeCamp/Athens	2015-07-30T20:03:56.073Z	55ba83090fc9f982beab954c	PanosGr94	55ba832ca0587bc54d68be2e	καλησπέρα φίλοι!
